PatientID,Address,City,ZipCode,State,Country
1,"H.No. 77
Tank",Bharatpur,,Nagaland,India
2,"72/98
Kothari Ganj",Amaravati,,Assam,India
3,"752
Dani Road",Dehradun,,Nagaland,India
4,"26/86, Bhattacharyya Nagar",Kishanganj,,"Himachal Pradesh",India
5,"H.No. 124, Tank Circle",Shimla,,Telangana,India
6,"04/51, Jani Marg",Tadepalligudem,,Nagaland,India
7,"31/66, Chander",Davanagere,,Gujarat,India
8,"23/00
Samra Path",Bhubaneswar,,"West Bengal",India
9,"30
Badal Ganj",Berhampur,,Manipur,India
10,"383, Sahota Street","Raurkela Industrial Township",,Odisha,India
11,"11/907, Chacko",Anand,,Nagaland,India
12,"01/168
Iyer",Phagwara,,Maharashtra,India
13,"74/69
Kapadia Marg",Bhimavaram,,"Tamil Nadu",India
14,"H.No. 247
Sem Path",Warangal,,Nagaland,India
15,"H.No. 63, Bawa Zila",Unnao,,Telangana,India
16,"H.No. 457
Karan Street",Panipat,,"West Bengal",India
17,"20/27
Bansal",Ballia,,Tripura,India
18,"41, Babu Marg",Varanasi,,"Madhya Pradesh",India
19,"25
Raman Path",Belgaum,,"Tamil Nadu",India
20,"H.No. 416
Saini Chowk",Madanapalle,,"Tamil Nadu",India
21,"20/99, Gera Path",Bettiah,,Nagaland,India
22,"H.No. 631
Chand Circle",Hajipur,,Nagaland,India
23,"H.No. 239
Tandon Street",Maheshtala,,Chhattisgarh,India
24,"33/591, Chandra Nagar",Kamarhati,,"Andhra Pradesh",India
25,"73
Lad Zila",Bathinda,,Nagaland,India
26,"86/42, Sood Road",Saharsa,,Punjab,India
27,"62/923
Gandhi Path",Shimoga,,Goa,India
28,"H.No. 463, Majumdar Ganj",Satna,,"Uttar Pradesh",India
29,"H.No. 72
Lala Ganj",Chapra,,Jharkhand,India
30,"91/665
Saraf Street",Arrah,,Jharkhand,India
31,"67/793, Chakrabarti Road",Bhilwara,,Punjab,India
32,"495
Din Nagar",Purnia,,Bihar,India
33,"75/94, Srinivasan Zila",Nagercoil,,Sikkim,India
34,"61/03, Wagle Marg",Kumbakonam,,Bihar,India
35,"147, Chada Road",Haridwar,,Gujarat,India
36,"68/194, Vora Road",Tiruchirappalli,,Sikkim,India
37,"27/93, Khatri Ganj",Chittoor,,Karnataka,India
38,"54/38, Srinivasan Chowk",Warangal,,Telangana,India
39,"111
Agarwal Path",Medininagar,,Jharkhand,India
40,"18/981
Apte Path",Bhusawal,,Assam,India
41,"56/89, Hora Zila",Tirunelveli,,Mizoram,India
42,"63/35
Loke Nagar",Kozhikode,,Meghalaya,India
43,"97, Kaur Road",Jaunpur,,Assam,India
44,"830, Bhardwaj Zila",Dehri,,Rajasthan,India
45,"67, Trivedi Ganj",Nagaon,,Kerala,India
46,"46/089
Ranganathan Zila",Kadapa,,Rajasthan,India
47,"84/298, Vig",Lucknow,,Gujarat,India
48,"08, Ramanathan Road",Surat,,"Uttar Pradesh",India
49,"35
Wali Ganj",Jalgaon,,Mizoram,India
50,"H.No. 998
Kapoor Zila",Tinsukia,,Punjab,India
51,"H.No. 44
Varughese Circle",Morena,,Goa,India
52,"521
Chandran Path",Jehanabad,,"Andhra Pradesh",India
53,"142, Kala Road",Etawah,,"Andhra Pradesh",India
54,"37/28
Das Marg",Bilaspur,,Tripura,India
55,"156, Chhabra Circle",Bilaspur,,Meghalaya,India
56,"H.No. 68
Dalal Marg",Hosur,,Manipur,India
57,"14/111, Chatterjee Ganj",Pimpri-Chinchwad,,Goa,India
58,"370, Dua Circle",Bilaspur,,Meghalaya,India
59,"H.No. 42, Balan Road",Sambhal,,Rajasthan,India
60,"725
Sodhi Chowk",Malda,,Chhattisgarh,India
61,"963, Taneja Path",Bangalore,,Maharashtra,India
62,"80/95, Kibe Nagar",Kurnool,,Odisha,India
63,"68/731, Bir Ganj",Hubli–Dharwad,,Gujarat,India
64,"237, Dugal Nagar",Shimoga,,"Andhra Pradesh",India
65,"H.No. 42
Sama Ganj",Bhatpara,,Uttarakhand,India
66,"H.No. 62, Dua Street",Mumbai,,"Madhya Pradesh",India
67,"93/78, Kant Marg",Coimbatore,,Haryana,India
68,"044, Sampath Chowk",Amroha,,Uttarakhand,India
69,"99/342
Dugar Path","Bhalswa Jahangir Pur",,Chhattisgarh,India
70,"33/70
Tandon Chowk","Kirari Suleman Nagar",,Tripura,India
71,"98/614
Bali Circle",Sirsa,,"Arunachal Pradesh",India
72,"36/09, Borde Path",Tenali,,Manipur,India
73,"49, Goswami Street",Nandyal,,Bihar,India
74,"H.No. 45
Aurora Marg",Bettiah,,"Madhya Pradesh",India
75,"34
Arya Nagar",Dhanbad,,Mizoram,India
76,"H.No. 052
Balay Circle",Bhavnagar,,Kerala,India
77,"78
Chadha Chowk",Secunderabad,,Rajasthan,India
78,"H.No. 591
Barman Zila",Davanagere,,"Andhra Pradesh",India
79,"H.No. 21
Chandra Road",Katni,,Uttarakhand,India
80,"H.No. 44, Brar Circle",Udupi,,Telangana,India
81,"H.No. 94, Wali Nagar",Amaravati,,"Uttar Pradesh",India
82,"01/69
Setty Zila",Orai,,Telangana,India
83,"90, Kala Ganj",Ahmednagar,,"Uttar Pradesh",India
84,"62
Shukla Road","Bhalswa Jahangir Pur",,"Uttar Pradesh",India
85,"98/78
Hora",Malda,,Maharashtra,India
86,"46, Salvi Ganj",Suryapet,,Manipur,India
87,"H.No. 168
Khanna",Kalyan-Dombivli,,Nagaland,India
88,"925, Vaidya Street",Jalna,,"West Bengal",India
89,"80, Vaidya",Malda,,Manipur,India
90,"57/44
Kade Circle",Haldia,,Telangana,India
91,"H.No. 67
Goswami Marg",Unnao,,"Himachal Pradesh",India
92,"H.No. 97
Ramanathan Nagar",Kurnool,,Mizoram,India
93,"H.No. 24
Bath",Kota,,"Arunachal Pradesh",India
94,"11, Dara Circle",Burhanpur,,Kerala,India
95,"76/66
Korpal Chowk",Kolkata,,"Andhra Pradesh",India
96,"415, Ram",Latur,,"Uttar Pradesh",India
97,"93/59
Malhotra Circle",Ujjain,,Nagaland,India
98,"H.No. 113, Sarma Zila",Sirsa,,"Tamil Nadu",India
99,"88/82
Kurian Street",Visakhapatnam,,Karnataka,India
100,"03, Tella Nagar",Mirzapur,,Tripura,India
101,"78
Edwin Marg",Sambalpur,,Nagaland,India
102,"H.No. 88
Saran Zila",Pune,,Gujarat,India
103,"01
Sethi Circle",Tirupati,,Tripura,India
104,"297
Chaudhry Circle",Bokaro,,Nagaland,India
105,"52/227, Dass Circle",Faridabad,,Tripura,India
106,"083, Gaba Road",Tadipatri,,Nagaland,India
107,"H.No. 345, Vora Road",Burhanpur,,Maharashtra,India
108,"29/290, Luthra Nagar",Bhiwandi,,Tripura,India
109,"54/905
Som Chowk",Pali,,Punjab,India
110,"H.No. 86, Bala",Ahmednagar,,"Tamil Nadu",India
111,"467, Chakrabarti Street",Dhule,,Chhattisgarh,India
112,"08
Soni",Dhule,,Manipur,India
113,"H.No. 457
Sangha Marg",Malegaon,,Jharkhand,India
114,"99/148
Salvi Circle",Sambhal,,"Arunachal Pradesh",India
115,"021
Buch Ganj","Raurkela Industrial Township",,"Himachal Pradesh",India
116,"58, Babu Nagar",Morena,,Odisha,India
117,"H.No. 013, Sant Marg",Nanded,,Karnataka,India
118,"43/769
Sidhu Chowk",Satara,,Nagaland,India
119,"76/019, Chaudry Nagar",Pali,,"Arunachal Pradesh",India
120,"64/10, Dubey",Nashik,,Gujarat,India
121,"92/765
Rege Chowk",Mira-Bhayandar,,Tripura,India
122,"96/855, Varughese Ganj",Nellore,,Tripura,India
123,"H.No. 87, Ganesh Chowk",Bellary,,"Uttar Pradesh",India
124,"60
Kuruvilla Chowk",Munger,,"Himachal Pradesh",India
125,"70/76
Bajaj Circle",Gaya,,Mizoram,India
126,"H.No. 75, Swaminathan Street",Srinagar,,Tripura,India
127,"85/672
Swaminathan Ganj",Dehradun,,Mizoram,India
128,"H.No. 01, Barad Path",Haldia,,Rajasthan,India
129,"218, Barman Zila",Kumbakonam,,Punjab,India
130,"25/078
Korpal Marg",Gulbarga,,Sikkim,India
131,"654, Mani",Ujjain,,"Uttar Pradesh",India
132,"07, Gara Ganj",Chittoor,,"Uttar Pradesh",India
133,"44/810, Choudhury Road",Bokaro,,Maharashtra,India
134,"12/590, Vala Zila",Kishanganj,,"Madhya Pradesh",India
135,"H.No. 081, Mander Ganj",Berhampore,,Gujarat,India
136,"H.No. 673, Deo Chowk",Bettiah,,Telangana,India
137,"H.No. 878
Dutt Chowk",Haldia,,Meghalaya,India
138,"H.No. 219
Chada Road",Amaravati,,Nagaland,India
139,"370, Chad",Sambalpur,,Chhattisgarh,India
140,"741, Sawhney Chowk",Bikaner,,Telangana,India
141,"78/93
Mani Nagar",Gandhidham,,Chhattisgarh,India
142,"59/90, Ganesh",Cuttack,,"Uttar Pradesh",India
143,"H.No. 363
Mane Nagar",Allahabad,,Punjab,India
144,"H.No. 49, Sarma Street",Kanpur,,Kerala,India
145,"60, Yogi Road",Farrukhabad,,"Uttar Pradesh",India
146,"20/69
Sastry Path",Mahbubnagar,,Telangana,India
147,"04/84
Chaudhari Road",Amaravati,,"Andhra Pradesh",India
148,"054
Mallick Street",Jehanabad,,"Andhra Pradesh",India
149,"56, Solanki Path",Motihari,,Bihar,India
150,"H.No. 582
Ramaswamy","South Dumdum",,"Himachal Pradesh",India
151,"H.No. 20, Biswas Marg",Bhubaneswar,,Goa,India
152,"395, Chacko Road",Miryalaguda,,Maharashtra,India
153,"H.No. 515
Bhagat Circle",Patiala,,Telangana,India
154,"44
Dora Road",Kolkata,,"Madhya Pradesh",India
155,"H.No. 337
Wali","Khora ",,Mizoram,India
156,"H.No. 91, Chander Zila",Ichalkaranji,,Chhattisgarh,India
157,"531
Lanka Circle",Davanagere,,Tripura,India
158,"92/221
Sharma Zila",Sonipat,,Assam,India
159,"H.No. 24
Ranganathan Ganj",Chandigarh,,Uttarakhand,India
160,"H.No. 954, Karpe Zila",Begusarai,,Maharashtra,India
161,"07, Rama Circle",Ambarnath,,"West Bengal",India
162,"H.No. 14, Badal Nagar",Allahabad,,Haryana,India
163,"18, Mahajan Path",Bhubaneswar,,Chhattisgarh,India
164,"189
Saha Ganj",Baranagar,,Manipur,India
165,"16/22, Ratti Circle",Serampore,,Mizoram,India
166,"17/060, Banerjee Nagar",Jalandhar,,Assam,India
167,"96/971, Shere Street",Korba,,"West Bengal",India
168,"221, Suresh Ganj","New Delhi",,Rajasthan,India
169,"825, Kuruvilla Path",Arrah,,"Andhra Pradesh",India
170,"32
Dhingra Street",Tirunelveli,,Uttarakhand,India
171,"H.No. 73
Bhargava Chowk","Rajpur Sonarpur",,"Tamil Nadu",India
172,"87/65
Ganesan",Malda,,Karnataka,India
173,"56
Jain Circle",Noida,,Odisha,India
174,"36, Bal Road",Panvel,,Sikkim,India
175,"93/23
Tella Marg",Alappuzha,,"Tamil Nadu",India
176,"788
Suri Chowk",Aligarh,,Gujarat,India
177,"34/03, Goyal Road",Ludhiana,,Chhattisgarh,India
178,"50/028, Sarkar",Deoghar,,Uttarakhand,India
179,"H.No. 65, Kamdar Nagar",Gudivada,,"West Bengal",India
180,"05
Acharya Nagar",Shivpuri,,Bihar,India
181,"68, Kala",Nagaon,,"Andhra Pradesh",India
182,"41/752
Kannan Zila",Gorakhpur,,"Himachal Pradesh",India
183,"71/04, Kohli Path","Rajpur Sonarpur",,"Uttar Pradesh",India
184,"12
Soni",Tadepalligudem,,Rajasthan,India
185,"11/39
Dhar Ganj",Delhi,,Kerala,India
186,"052, Singh Path",Nandyal,,Odisha,India
187,"H.No. 46
Vig Zila",Begusarai,,Punjab,India
188,"H.No. 689
Chana",Naihati,,Telangana,India
189,"H.No. 13
Dave Circle",Hapur,,Manipur,India
190,"25/527
Joshi Road",Panvel,,"West Bengal",India
191,"24/848, Reddy Ganj",Karimnagar,,Gujarat,India
192,"96
Khanna",Malegaon,,Karnataka,India
193,"32/34
Dewan Zila",Kavali,,Sikkim,India
194,"438
Gour Road",Gorakhpur,,Goa,India
195,"57/54
Korpal Nagar",Haldia,,Bihar,India
196,"73/33
Bedi Circle",Nashik,,Bihar,India
197,"29
Gokhale Circle",Hyderabad,,"Madhya Pradesh",India
198,"41, Tak Road",Gangtok,,"Uttar Pradesh",India
199,"28/814, Soman Nagar",Singrauli,,Assam,India
200,"09/990, Bumb Road",Jodhpur,,"Arunachal Pradesh",India
201,"60/90
Shere Chowk",Gurgaon,,Assam,India
202,"65
Chaudry Road",Hyderabad,,Jharkhand,India
203,"H.No. 49
Din Marg",Proddatur,,Maharashtra,India
204,"H.No. 35, Joshi Path",Bikaner,,"Tamil Nadu",India
205,"70, Gupta Circle",Baranagar,,Haryana,India
206,"H.No. 301, Bobal",Muzaffarnagar,,Gujarat,India
207,"58, Tata Path",Panipat,,"West Bengal",India
208,"H.No. 646, Buch Ganj",Chinsurah,,Haryana,India
209,"H.No. 186
Rege Zila",Haridwar,,Meghalaya,India
210,"H.No. 89
Kalita",Giridih,,Nagaland,India
211,"H.No. 592
Sheth Street",Ludhiana,,Rajasthan,India
212,"64/207, Bedi Circle",Amritsar,,Rajasthan,India
213,"06/662, Chahal Nagar",Bhusawal,,Manipur,India
214,"H.No. 54, Borah Path",Bijapur,,Meghalaya,India
215,"H.No. 139
Sawhney Chowk",Durg,,Goa,India
216,"21/505
Raju Path",Danapur,,Manipur,India
217,"613
Sehgal Marg",Nanded,,Rajasthan,India
218,"H.No. 618
Dugal Chowk",Dibrugarh,,Mizoram,India
219,"H.No. 03
Sem Ganj",Sikar,,"Tamil Nadu",India
220,"957, Thakkar Path",Uluberia,,"West Bengal",India
221,"H.No. 343, Shere Chowk",Rampur,,Punjab,India
222,"28
Sura Path",Thanjavur,,Mizoram,India
223,"83
Venkatesh Nagar",Bellary,,"Madhya Pradesh",India
224,"77/90, Brahmbhatt Road",Anantapur,,"Himachal Pradesh",India
225,"24/19, Grewal Path",Kota,,Chhattisgarh,India
226,"40/691
Bajwa Ganj",Malegaon,,Gujarat,India
227,"12
Savant Zila",Danapur,,Karnataka,India
228,"34/25
Babu Marg",Tadipatri,,Jharkhand,India
229,"H.No. 256
Buch Street",Saharanpur,,Meghalaya,India
230,"H.No. 176, Reddy",Madhyamgram,,Bihar,India
231,"29/958, Dewan Road",Thiruvananthapuram,,Nagaland,India
232,"H.No. 56
Setty Zila",Mira-Bhayandar,,"West Bengal",India
233,"611, Sani",Panipat,,"Tamil Nadu",India
234,"62, Bhandari",Bangalore,,Punjab,India
235,"51/93, Soni Street",Pimpri-Chinchwad,,Haryana,India
236,"511, Biswas Road",Bikaner,,Nagaland,India
237,"22/326, Wason Circle",Sikar,,Meghalaya,India
238,"H.No. 53
Raja Circle",Saharsa,,Jharkhand,India
239,"65/03, Rao Ganj",Mumbai,,Nagaland,India
240,"798
Vyas",Dindigul,,Telangana,India
241,"181, Sem Chowk",Sirsa,,Jharkhand,India
242,"H.No. 72
Kari",Malda,,"Madhya Pradesh",India
243,"61/46, Bains Nagar",Satna,,"Uttar Pradesh",India
244,"28, Seshadri Zila",Thane,,Chhattisgarh,India
245,"04, Singh Road",Hospet,,"Uttar Pradesh",India
246,"615, Wali Ganj",Satara,,"West Bengal",India
247,"95/14
Viswanathan Street",Kulti,,Kerala,India
248,"14, Barman Circle",Nagaon,,Karnataka,India
249,"H.No. 53, Datta Street",Gorakhpur,,Goa,India
250,"H.No. 650, Karan",Arrah,,"Andhra Pradesh",India
251,"H.No. 832
Chaudhry Path",Korba,,Chhattisgarh,India
252,"064
Dyal Path",Rourkela,,Bihar,India
253,"03
Ram",Korba,,Maharashtra,India
254,"12
Vohra Circle",Bahraich,,Jharkhand,India
255,"H.No. 200
Soman Marg",Panvel,,Meghalaya,India
256,"61, Kale Zila",Hindupur,,Uttarakhand,India
257,"87
Chatterjee",Ajmer,,"Arunachal Pradesh",India
258,"H.No. 786
Wason Nagar",Junagadh,,Haryana,India
259,"471
Bhagat Chowk",Muzaffarnagar,,Rajasthan,India
260,"H.No. 84
Manne Nagar",Guntur,,"Andhra Pradesh",India
261,"H.No. 254
Gade Nagar",Narasaraopet,,"Himachal Pradesh",India
262,"H.No. 48, Rattan Ganj",Serampore,,Odisha,India
263,"790
Lal Path",Muzaffarnagar,,"Arunachal Pradesh",India
264,"514
Chaudry Nagar",Kavali,,Haryana,India
265,"303
Shere Road",Bulandshahr,,Uttarakhand,India
266,"74/476, Dube Road",Darbhanga,,Telangana,India
267,"67/093
Lala Street",Sambalpur,,"Uttar Pradesh",India
268,"H.No. 850, Sidhu Street",Naihati,,Goa,India
269,"06/549
Bal Zila",Tenali,,"Himachal Pradesh",India
270,"H.No. 177
Ram Nagar",Vellore,,"Arunachal Pradesh",India
271,"36, Sethi Path",Dhanbad,,Karnataka,India
272,"86/526
Tailor Marg","Bhalswa Jahangir Pur",,Assam,India
273,"41/488, Sane Zila",Agra,,"Himachal Pradesh",India
274,"53/680
Rajagopalan",Bhimavaram,,Manipur,India
275,"H.No. 509
Saraf Zila",Aizawl,,"Arunachal Pradesh",India
276,"H.No. 28
Dyal Ganj",Nanded,,Karnataka,India
277,"H.No. 187
Rattan Chowk",Mumbai,,"Arunachal Pradesh",India
278,"H.No. 80, Batta Chowk",Bathinda,,Uttarakhand,India
279,"H.No. 739, Aggarwal Marg",Kolhapur,,"Tamil Nadu",India
280,"20
Agarwal Path",Anand,,"Himachal Pradesh",India
281,"H.No. 344
Mani Road",Junagadh,,Nagaland,India
282,"H.No. 363
Koshy Marg",Nadiad,,"Andhra Pradesh",India
283,"11/04
Chaudhary Circle",Hajipur,,Tripura,India
284,"32/09
Swamy Circle",Siliguri,,Punjab,India
285,"H.No. 078
Sampath Marg",Amravati,,"Himachal Pradesh",India
286,"H.No. 110
Krish Chowk",Bangalore,,Sikkim,India
287,"515, Bawa Street",Thoothukudi,,Kerala,India
288,"47/91, Kannan Path",Gandhidham,,Uttarakhand,India
289,"01/10, Agarwal Ganj",Miryalaguda,,"Himachal Pradesh",India
290,"744, Madan Marg",Ulhasnagar,,Jharkhand,India
291,"998
Gopal Nagar",Belgaum,,Assam,India
292,"H.No. 70, Dhingra Chowk",Chandigarh,,Odisha,India
293,"55
Kannan Road",Jorhat,,Chhattisgarh,India
294,"94
Badal",Hyderabad,,Haryana,India
295,"349
Buch",Rewa,,Rajasthan,India
296,"H.No. 016, Tella Zila",Berhampore,,Manipur,India
297,"H.No. 628, Dixit Zila",Bhubaneswar,,Assam,India
298,"63
Doshi",Patiala,,"Tamil Nadu",India
299,"H.No. 99, Agate Zila",Rajkot,,Chhattisgarh,India
300,"33/545
Borra Circle",Raichur,,Telangana,India
301,"08/163
Krish Zila","Sultan Pur Majra",,Odisha,India
302,"89/37
Chacko",Jaunpur,,Kerala,India
303,"H.No. 38
Singh Path",Uluberia,,Jharkhand,India
304,"H.No. 26, Sridhar Ganj",Visakhapatnam,,Mizoram,India
305,"H.No. 09, Varma Nagar",Nagaon,,"Himachal Pradesh",India
306,"40/16, Wagle Chowk",Kishanganj,,Odisha,India
307,"77/009, Kota Chowk",Giridih,,"Uttar Pradesh",India
308,"17/945, Dixit Chowk",Jamalpur,,Bihar,India
309,"96/30
Lanka Circle",Meerut,,Bihar,India
310,"86/13, Sarna Road",Gandhidham,,Jharkhand,India
311,"42/58
Vohra Street",Surat,,Uttarakhand,India
312,"91, Luthra Marg",Ghaziabad,,Bihar,India
313,"96/52
Sachar Chowk",Dibrugarh,,Tripura,India
314,"97/365, Dani Street",Kota,,Haryana,India
315,"H.No. 158, Issac Marg",Rajahmundry,,"Himachal Pradesh",India
316,"284
Shetty Zila",Mathura,,"Arunachal Pradesh",India
317,"93, Amble Path",Aurangabad,,Punjab,India
318,"62/682
Gera Road",Ludhiana,,Punjab,India
319,"57/751, Jhaveri Circle",Nagercoil,,Kerala,India
320,"078
Chakrabarti Road",Ozhukarai,,Rajasthan,India
321,"H.No. 343
Sachar Zila",Mira-Bhayandar,,Gujarat,India
322,"628
Sha Marg",Nanded,,Tripura,India
323,"556, Chakrabarti Street",Patna,,Punjab,India
324,"462, Grewal Path","Nangloi Jat",,"Tamil Nadu",India
325,"31/18, Sami Circle",Saharanpur,,"West Bengal",India
326,"45/610
Sule Road",Berhampur,,"Himachal Pradesh",India
327,"55/12
Chahal Street",Thrissur,,Tripura,India
328,"39/859, Divan Marg",Barasat,,Rajasthan,India
329,"46/327
Behl Chowk",Pune,,Uttarakhand,India
330,"850
Sem Circle",Patiala,,"Tamil Nadu",India
331,"46/42
Sandal Marg",Burhanpur,,"Uttar Pradesh",India
332,"H.No. 109, Devan Path",Bellary,,Punjab,India
333,"286
Subramaniam Circle",Allahabad,,Jharkhand,India
334,"72/875, Garg Path",Haldia,,Haryana,India
335,"616, Sinha Chowk",Ongole,,Odisha,India
336,"H.No. 433, Keer Zila",Siwan,,"Tamil Nadu",India
337,"04
Chopra Road",Suryapet,,Punjab,India
338,"101, Koshy Chowk",Shahjahanpur,,Bihar,India
339,"965, Dar Nagar",Amaravati,,Uttarakhand,India
340,"H.No. 938
Goyal Ganj",Kolkata,,Rajasthan,India
341,"H.No. 81, Sagar Chowk",Eluru,,Telangana,India
342,"39
Luthra",Dehradun,,Telangana,India
343,"73
Sunder Path",Jodhpur,,Tripura,India
344,"64/264, Barad Marg",Rewa,,"Madhya Pradesh",India
345,"H.No. 61, Bir Ganj",Vasai-Virar,,"Madhya Pradesh",India
346,"114
Ghose Ganj",Singrauli,,Rajasthan,India
347,"90/434
Balan",Ranchi,,Uttarakhand,India
348,"H.No. 40
Behl Chowk",Bokaro,,Gujarat,India
349,"H.No. 867, Bawa Road",Gulbarga,,Karnataka,India
350,"H.No. 381
Badami Ganj",Dhanbad,,"West Bengal",India
351,"60/18, Balan Nagar",Delhi,,Goa,India
352,"19/109
Mane Chowk",Akola,,"Andhra Pradesh",India
353,"748
Virk Path",Khammam,,"Andhra Pradesh",India
354,"H.No. 68, Anand Path",Gaya,,"Andhra Pradesh",India
355,"390, Zachariah Nagar",Kanpur,,"Tamil Nadu",India
356,"H.No. 61
Varughese Ganj",Narasaraopet,,Rajasthan,India
357,"55/21, Venkataraman Road",Nizamabad,,"Tamil Nadu",India
358,"H.No. 200
Boase Chowk",Jamnagar,,Uttarakhand,India
359,"14/90, Singh Street",Nellore,,Jharkhand,India
360,"04/99, Chokshi Marg",Katihar,,Haryana,India
361,"H.No. 22
Vasa Path",Ratlam,,Nagaland,India
362,"275
Sharma Chowk",Bardhaman,,"Tamil Nadu",India
363,"45/157, Sarraf",Nashik,,Haryana,India
364,"42/780, Sami Road",Jaunpur,,"Himachal Pradesh",India
365,"H.No. 122
Saxena Chowk",Berhampore,,Uttarakhand,India
366,"H.No. 25
Mahajan Chowk",Ozhukarai,,Nagaland,India
367,"72, Rau Street",Thiruvananthapuram,,Karnataka,India
368,"15, Iyer Nagar",Satna,,Gujarat,India
369,"81, Sarraf Zila",Pali,,"Andhra Pradesh",India
370,"308, Choudhary Circle",Warangal,,Jharkhand,India
371,"39/073, Sarma Nagar",Bathinda,,Tripura,India
372,"H.No. 895
Shetty Road",Tiruvottiyur,,Assam,India
373,"62
Brahmbhatt Nagar",Bettiah,,Odisha,India
374,"36
Shankar Street",Rourkela,,Uttarakhand,India
375,"97/342
Vig",Yamunanagar,,Assam,India
376,"H.No. 73, Kuruvilla Road",Mahbubnagar,,Gujarat,India
377,"43/35, Vyas Zila",Ozhukarai,,Mizoram,India
378,"26/02
Salvi Chowk",Purnia,,Assam,India
379,"150, Wable Marg",Buxar,,Haryana,India
380,"78/28
Andra Road",Nagercoil,,"Tamil Nadu",India
381,"H.No. 994
Bal Path",Rohtak,,Maharashtra,India
382,"308, Sidhu Road",Anantapuram,,Mizoram,India
383,"147, Raj Chowk",Nanded,,Assam,India
384,"36/612, Mammen Circle",Bokaro,,Jharkhand,India
385,"98/344
Zacharia Circle",Bhavnagar,,"Arunachal Pradesh",India
386,"83, Balan Road",Patiala,,Goa,India
387,"09/467
Kata Circle",Jhansi,,"Madhya Pradesh",India
388,"H.No. 015
Ramaswamy Nagar",Barasat,,Kerala,India
389,"001, Krish Path",Bettiah,,Bihar,India
390,"63/33
Dugal Chowk",Chandrapur,,Uttarakhand,India
391,"48/84
Halder Road",Ajmer,,Jharkhand,India
392,"774, Madan",Farrukhabad,,Uttarakhand,India
393,"H.No. 16, Butala",Gwalior,,"Tamil Nadu",India
394,"237, Dube Path",Jaipur,,"Tamil Nadu",India
395,"862, Chhabra",Raebareli,,Telangana,India
396,"H.No. 90, Raja Chowk",Bhopal,,Maharashtra,India
397,"84/95, Venkatesh Zila",Ranchi,,Maharashtra,India
398,"889, Bahri Chowk",Jamshedpur,,"Madhya Pradesh",India
399,"H.No. 287
Basu Nagar",Sikar,,Punjab,India
400,"76/043
D’Alia Street",Purnia,,Manipur,India
401,"H.No. 41, Virk Street",Thoothukudi,,"Andhra Pradesh",India
402,"H.No. 07, Vasa Marg",Ludhiana,,Punjab,India
403,"45
Kaul Road",Guntakal,,Manipur,India
404,"309, Jaggi Chowk",Khandwa,,Bihar,India
405,"H.No. 143, Bajaj",Kulti,,Maharashtra,India
406,"H.No. 692
Chaudry Chowk",Uluberia,,Bihar,India
407,"571
Shenoy Nagar",Aurangabad,,Mizoram,India
408,"71, Gera Street",Amroha,,"Arunachal Pradesh",India
409,"H.No. 851
Sani Path",Bidhannagar,,"Andhra Pradesh",India
410,"23/619, Suri Circle",Aizawl,,"Tamil Nadu",India
411,"55, Saran Road",Guntur,,"Arunachal Pradesh",India
412,"42, Iyer Circle",Shimla,,Haryana,India
413,"H.No. 750
Manne Road",Purnia,,"West Bengal",India
414,"859, Keer Nagar",Ozhukarai,,Assam,India
415,"460, Dash Zila",Giridih,,Punjab,India
416,"59/740, Bhat Zila",Udaipur,,Odisha,India
417,"679
Barad Ganj",Gorakhpur,,"West Bengal",India
418,"92
Kaul Road",Jalna,,"Tamil Nadu",India
419,"H.No. 598, Dash Street",Rewa,,"Uttar Pradesh",India
420,"22/71, Mander Road","North Dumdum",,Goa,India
421,"81, Ahluwalia Zila",Meerut,,Odisha,India
422,"H.No. 03, Bumb Path",Vijayawada,,Assam,India
423,"H.No. 352, Khosla Road",Moradabad,,"Himachal Pradesh",India
424,"H.No. 15, Wali Chowk",Firozabad,,Telangana,India
425,"851, Wagle Path",Bhind,,Rajasthan,India
426,"71/355, Bhattacharyya Path",Aurangabad,,Kerala,India
427,"820
Golla Road",Srikakulam,,"Tamil Nadu",India
428,"957
Dewan Street",Kharagpur,,Jharkhand,India
429,"52/53, Talwar Street",Bhagalpur,,Chhattisgarh,India
430,"H.No. 397
Jhaveri",Gopalpur,,Rajasthan,India
431,"H.No. 49, Hans Zila",Berhampore,,Nagaland,India
432,"66
Ahluwalia Path",Satara,,Odisha,India
433,"911
Mangal Chowk",Kumbakonam,,"Madhya Pradesh",India
434,"97/103, Choudhry Path",Mau,,Maharashtra,India
435,"66/873, Doshi Chowk",Bangalore,,Maharashtra,India
436,"77/573, Varughese Path",Morena,,Haryana,India
437,"H.No. 00, Borde Path",Amravati,,Goa,India
438,"21/216, Goel Zila","Sultan Pur Majra",,Uttarakhand,India
439,"74/971, Deep Street",Kishanganj,,Rajasthan,India
440,"10/97, Bera Ganj",Muzaffarpur,,Assam,India
441,"69, Bawa Street",Jodhpur,,Karnataka,India
442,"15/21, Kibe Ganj",Kumbakonam,,Sikkim,India
443,"H.No. 08, Swaminathan Circle",Nanded,,"Madhya Pradesh",India
444,"H.No. 549, Bal Chowk",Dehradun,,Sikkim,India
445,"29
Chana Marg",Machilipatnam,,Punjab,India
446,"11/33, Ratti",Khammam,,Gujarat,India
447,"798
Sarin Nagar",Tirunelveli,,Jharkhand,India
448,"21/876
Bhatt Road",Sagar,,Punjab,India
449,"H.No. 97
Buch Marg",Firozabad,,"Madhya Pradesh",India
450,"45/56, Chandran Street",Bongaigaon,,Karnataka,India
451,"H.No. 655, Taneja Ganj",Ahmednagar,,Kerala,India
452,"687
Chawla Zila",Munger,,Nagaland,India
453,"H.No. 74, Sanghvi Road",Vijayawada,,Sikkim,India
454,"63, Kar Nagar",Mahbubnagar,,"Andhra Pradesh",India
455,"H.No. 97, Bail Zila",Jorhat,,Rajasthan,India
456,"H.No. 00, Batra Zila",Bhiwandi,,Tripura,India
457,"552, Bala Ganj","Sultan Pur Majra",,Assam,India
458,"H.No. 347, Garde",Guna,,"Arunachal Pradesh",India
459,"H.No. 79
Koshy Circle",Shahjahanpur,,Meghalaya,India
460,"H.No. 83
Krish Nagar",Tinsukia,,Mizoram,India
461,"46/279, Amble Ganj",Shimoga,,"Madhya Pradesh",India
462,"H.No. 44, Sankar Nagar",Jalgaon,,Punjab,India
463,"H.No. 447
Borra Nagar",Unnao,,Uttarakhand,India
464,"85/20, Bhargava Chowk",Kanpur,,Haryana,India
465,"H.No. 466, Dutt Path",Proddatur,,"Uttar Pradesh",India
466,"72/093
Bawa Road",Tirunelveli,,Goa,India
467,"91, Sridhar Street",Bhavnagar,,Sikkim,India
468,"72/395
Chaudhry",Singrauli,,Assam,India
469,"267
Boase","Kirari Suleman Nagar",,Nagaland,India
470,"452, Sahni Chowk",Noida,,"Himachal Pradesh",India
471,"H.No. 362
Bhavsar Ganj",Amaravati,,Telangana,India
472,"75/804, Bajaj Ganj","Sri Ganganagar",,Tripura,India
473,"93, Rege Street",Panchkula,,Karnataka,India
474,"H.No. 12
Sani Ganj",Hubli–Dharwad,,Punjab,India
475,"H.No. 716
Dave Ganj",Kolkata,,"Madhya Pradesh",India
476,"668, Arora",Madurai,,"Himachal Pradesh",India
477,"601, Banik Road",Ahmedabad,,Kerala,India
478,"320
Wason",Thanjavur,,Kerala,India
479,"H.No. 854
Ganguly Nagar",Bettiah,,"Andhra Pradesh",India
480,"790, Hari Nagar","Raurkela Industrial Township",,Telangana,India
481,"H.No. 580
Chahal Nagar",Purnia,,Gujarat,India
482,"45/11, Bakshi Chowk",Suryapet,,Telangana,India
483,"082
Kanda Chowk",Guntur,,Tripura,India
484,"90/733
Chauhan Road",Hosur,,Nagaland,India
485,"H.No. 63, Krishnan Circle",Panchkula,,"West Bengal",India
486,"280, Lad Street",Purnia,,Tripura,India
487,"01, Gour Circle",Sasaram,,Manipur,India
488,"10/682
Ganguly",Chinsurah,,Goa,India
489,"42/824, Ganesan Chowk",Vellore,,Tripura,India
490,"492, Sheth Road",Amravati,,Goa,India
491,"81/21
Sheth Road",Phagwara,,Jharkhand,India
492,"H.No. 610, Madan Marg","Bhalswa Jahangir Pur",,Goa,India
493,"H.No. 778, Ravi Circle",Bharatpur,,Meghalaya,India
494,"H.No. 965
Kumer Nagar",Bettiah,,"West Bengal",India
495,"44/68
Virk",Shahjahanpur,,"Uttar Pradesh",India
496,"153, Bahri Road",Hazaribagh,,Goa,India
497,"11
Khatri",Buxar,,Gujarat,India
498,"69/826, Kaul Circle",Mumbai,,Tripura,India
499,"84/656, Sanghvi Nagar",Thoothukudi,,"Uttar Pradesh",India
500,"96
Chaudry Path",Uluberia,,Kerala,India
501,"20/66
Khanna Path",Purnia,,Rajasthan,India
502,"H.No. 215
Comar Zila",Bulandshahr,,"Uttar Pradesh",India
503,"33, Randhawa Path",Chittoor,,Bihar,India
504,"200, Chanda Circle",Kishanganj,,Odisha,India
505,"54, Ramanathan Path",Uluberia,,Uttarakhand,India
506,"28/65
Chauhan Circle","North Dumdum",,"West Bengal",India
507,"317
Bains Ganj",Berhampur,,Jharkhand,India
508,"70/59
Tiwari Street",Sikar,,Odisha,India
509,"03
Date Ganj",Visakhapatnam,,Telangana,India
510,"28/631
Bhakta Road",Katni,,Karnataka,India
511,"H.No. 39, Dash Street",Kota,,"Uttar Pradesh",India
512,"05/663
Deshpande Street","Bhalswa Jahangir Pur",,Bihar,India
513,"H.No. 646
Halder Road",Saharsa,,Meghalaya,India
514,"H.No. 15, Sanghvi Nagar",Bhagalpur,,"Himachal Pradesh",India
515,"27/73
Bala Street",Agra,,"Himachal Pradesh",India
516,"H.No. 300
Bhalla Circle",Korba,,"Tamil Nadu",India
517,"H.No. 75
Luthra Ganj",Suryapet,,"Uttar Pradesh",India
518,"44, Kunda Path",Ahmedabad,,Odisha,India
519,"41/323, Goel",Bokaro,,Jharkhand,India
520,"054, Swaminathan Ganj",Raichur,,Chhattisgarh,India
521,"H.No. 642, Shah Road",Durgapur,,Chhattisgarh,India
522,"H.No. 27
Savant Path",Dindigul,,"Uttar Pradesh",India
523,"91/595, Sant Nagar",Muzaffarpur,,Haryana,India
524,"56/16, Thaker Marg",Kumbakonam,,Goa,India
525,"H.No. 15, Bhargava Nagar",Tirupati,,Karnataka,India
526,"H.No. 422, Jani Ganj",Saharanpur,,Maharashtra,India
527,"837
Mangat Marg",Jammu,,"West Bengal",India
528,"H.No. 556
Luthra Path",Bhubaneswar,,Punjab,India
529,"H.No. 447, Chahal Path",Kozhikode,,Tripura,India
530,"H.No. 15
Sami",Yamunanagar,,"Tamil Nadu",India
531,"H.No. 340
Bora Chowk",Surat,,Bihar,India
532,"791, Bassi Street",Kharagpur,,Chhattisgarh,India
533,"H.No. 77
Devan Circle",Kharagpur,,"Arunachal Pradesh",India
534,"84/919, Ranganathan Marg",Madurai,,"Arunachal Pradesh",India
535,"58, Balay Street",Pali,,Tripura,India
536,"54/03
Brar Marg",Mathura,,"Arunachal Pradesh",India
537,"31
Basak Road",Farrukhabad,,Bihar,India
538,"34, Dalal Street",Dewas,,Tripura,India
539,"24/92
Tara Road",Thrissur,,"Andhra Pradesh",India
540,"H.No. 23
Magar Circle",Bareilly,,"Himachal Pradesh",India
541,"342, Master Zila",Satna,,Goa,India
542,"91/446
Yogi Road",Secunderabad,,Punjab,India
543,"02, Som Zila",Yamunanagar,,Haryana,India
544,"327, Sanghvi Nagar",Siliguri,,Chhattisgarh,India
545,"801
Sehgal Path",Jalna,,Bihar,India
546,"H.No. 94
Thaman Ganj",Dewas,,Tripura,India
547,"H.No. 057, Raman Zila",Singrauli,,"West Bengal",India
548,"95, Bera Marg",Ballia,,Telangana,India
549,"61/85
Jain Road",Tirunelveli,,Sikkim,India
550,"H.No. 76
Banerjee Street",Solapur,,"West Bengal",India
551,"33
Cheema Marg",Mathura,,Tripura,India
552,"94/10
Banerjee Road","Kirari Suleman Nagar",,Haryana,India
553,"82/01, Raman Street",Tumkur,,"Himachal Pradesh",India
554,"H.No. 44, Buch Ganj",Guntur,,"Arunachal Pradesh",India
555,"15/433, Manda Road",Kozhikode,,Maharashtra,India
556,"67/439, Swaminathan Circle",Jaunpur,,Mizoram,India
557,"H.No. 540
Chacko Road",Shahjahanpur,,Punjab,India
558,"463
Aurora Marg",Chennai,,"Uttar Pradesh",India
559,"61
Dave Path",Kozhikode,,"Arunachal Pradesh",India
560,"62/799
Din",Bhilwara,,Odisha,India
561,"H.No. 46
Khalsa Path",Dhule,,Kerala,India
562,"H.No. 45, Korpal Ganj",Yamunanagar,,Maharashtra,India
563,"693, Cherian Marg",Bokaro,,Kerala,India
564,"68, Rajagopalan Zila",Karaikudi,,Telangana,India
565,"H.No. 479, Dar Zila",Mango,,Goa,India
566,"91/512, Sandal Circle",Bhiwani,,Bihar,India
567,"H.No. 64
Verma",Kishanganj,,"Uttar Pradesh",India
568,"59
Sem Circle",Nizamabad,,"West Bengal",India
569,"34/54
Grover Ganj",Jammu,,Uttarakhand,India
570,"62/56
Khurana Marg",Adoni,,"Madhya Pradesh",India
571,"14/825
Bahl Zila",Etawah,,Punjab,India
572,"362
Khosla Ganj",Parbhani,,Bihar,India
573,"H.No. 73, Shankar Chowk",Muzaffarnagar,,Meghalaya,India
574,"624
Vora Zila",Akola,,Uttarakhand,India
575,"H.No. 216
Tank Zila",Kozhikode,,Uttarakhand,India
576,"H.No. 404
Ganesh Nagar",Arrah,,"Himachal Pradesh",India
577,"96/95
Sawhney",Satna,,Goa,India
578,"H.No. 435
Majumdar Circle",Meerut,,Haryana,India
579,"H.No. 357, Bhavsar",Bidhannagar,,Maharashtra,India
580,"264
Bajaj Chowk",Firozabad,,Nagaland,India
581,"H.No. 330
Sekhon Chowk",Pali,,Chhattisgarh,India
582,"H.No. 12, Biswas Street",Nandyal,,Maharashtra,India
583,"777
Rajagopal Path",Gandhidham,,"Tamil Nadu",India
584,"16/851, Lalla",Surat,,Haryana,India
585,"H.No. 181, Suresh Chowk",Surat,,Mizoram,India
586,"H.No. 14, Chaudhari",Ulhasnagar,,Gujarat,India
587,"07/070
Manne Road",Junagadh,,Jharkhand,India
588,"H.No. 52, Ram Marg",Vijayanagaram,,Maharashtra,India
589,"H.No. 42
Kalita",Anantapur,,Karnataka,India
590,"93/487, Hans Chowk",Karimnagar,,Mizoram,India
591,"30
Sodhi Nagar",Haridwar,,Karnataka,India
592,"03/60, Sarraf Nagar",Jehanabad,,"Andhra Pradesh",India
593,"94/91, Sood Path",Belgaum,,Jharkhand,India
594,"36/099, Raja Chowk","South Dumdum",,Maharashtra,India
595,"53/628, Banik Road",Nadiad,,Nagaland,India
596,"30/03
Saran Ganj",Bhind,,"Uttar Pradesh",India
597,"60, Bora Circle",Secunderabad,,Gujarat,India
598,"H.No. 12
Kara Zila",Mahbubnagar,,Chhattisgarh,India
599,"54/70, Krishnamurthy Marg",Mathura,,Assam,India
600,"H.No. 75
Kade Ganj",Dibrugarh,,Telangana,India
601,"H.No. 861, Chatterjee Ganj",Udaipur,,Maharashtra,India
602,"59/479
Krishnamurthy",Tenali,,Sikkim,India
603,"72/683
Kamdar Ganj","Navi Mumbai",,Rajasthan,India
604,"H.No. 646
Saha Nagar",Kavali,,Gujarat,India
605,"488
Chakraborty Circle",Jaunpur,,Bihar,India
606,"86/87, Shah Path",Nandyal,,"Arunachal Pradesh",India
607,"H.No. 309, Sur Ganj",Naihati,,"Tamil Nadu",India
608,"64
Suresh Zila",Sirsa,,Assam,India
609,"660, Kamdar Path",Satara,,Karnataka,India
610,"50/907, Subramanian Nagar",Patna,,Bihar,India
611,"H.No. 61, Zachariah Path",Fatehpur,,Maharashtra,India
612,"506, Kar Street",Etawah,,Kerala,India
613,"H.No. 74
Sekhon Path",Salem,,Gujarat,India
614,"165
Chand Road",Gopalpur,,"Tamil Nadu",India
615,"90/143, Madan Marg",Bhubaneswar,,Rajasthan,India
616,"H.No. 24
Chana Marg",Akola,,"Andhra Pradesh",India
617,"78/18, Vora Zila",Junagadh,,"West Bengal",India
618,"11
Jha Chowk",Nellore,,"Tamil Nadu",India
619,"65, Madan",Malda,,Goa,India
620,"92
Ramaswamy Nagar",Sirsa,,Bihar,India
621,"H.No. 12, Subramanian Path",Thoothukudi,,Jharkhand,India
622,"52/738
Gulati Street",Bhind,,"Andhra Pradesh",India
623,"10/179, Sabharwal Circle",Vijayawada,,Telangana,India
624,"83/090
Dugar Road",Mangalore,,Uttarakhand,India
625,"15
Tandon Nagar",Dindigul,,Rajasthan,India
626,"73/868, Saha Street",Haldia,,Uttarakhand,India
627,"H.No. 110, Luthra",Pimpri-Chinchwad,,Telangana,India
628,"H.No. 96
Kunda Circle",Rampur,,Rajasthan,India
629,"H.No. 77
Mangal Circle",Asansol,,Gujarat,India
630,"H.No. 75, Tak Road",Latur,,Meghalaya,India
631,"H.No. 78
Shankar Marg",Hosur,,"Arunachal Pradesh",India
632,"101, Venkataraman Chowk",Hosur,,Karnataka,India
633,"H.No. 00, Iyer Chowk",Serampore,,Telangana,India
634,"880
Sen Marg",Aurangabad,,Rajasthan,India
635,"499, Vora Nagar",Nagaon,,"Himachal Pradesh",India
636,"313
Chaudhari Chowk",Mysore,,Punjab,India
637,"57/210, Maharaj Zila",Madhyamgram,,Bihar,India
638,"97/604, Jayaraman Chowk",Dhanbad,,Telangana,India
639,"H.No. 779, Keer",Chittoor,,"Arunachal Pradesh",India
640,"04/94, Dhar Chowk","Karawal Nagar",,Tripura,India
641,"H.No. 06, Bhatia Street",Bhind,,"Arunachal Pradesh",India
642,"H.No. 67
Karpe Marg",Suryapet,,Punjab,India
643,"87/88
Saxena Marg",Ozhukarai,,Goa,India
644,"26, Luthra Ganj",Shimoga,,Meghalaya,India
645,"18, Dhaliwal Circle",Nagaon,,Kerala,India
646,"23/999, Kala Chowk",Sirsa,,Maharashtra,India
647,"93/098
Chahal Ganj",Bhubaneswar,,Jharkhand,India
648,"71
Khurana Street",Delhi,,Punjab,India
649,"492, Iyengar Street",Davanagere,,Goa,India
650,"H.No. 55
Basak Nagar",Gangtok,,Nagaland,India
651,"H.No. 580
Malhotra Marg",Pimpri-Chinchwad,,Karnataka,India
652,"H.No. 24, Gera Marg",Nanded,,Telangana,India
653,"962, Rastogi Zila",Adoni,,Mizoram,India
654,"H.No. 757, Ramakrishnan Nagar",Vijayanagaram,,Sikkim,India
655,"84/452
Acharya Circle",Thrissur,,Jharkhand,India
656,"349, Krish Path",Vijayanagaram,,Bihar,India
657,"67/87
Shankar Chowk",Sonipat,,Uttarakhand,India
658,"77/597
Sinha Circle",Kadapa,,Kerala,India
659,"60, Mall Street",Pallavaram,,Assam,India
660,"244
Manne Street",Bijapur,,Assam,India
661,"H.No. 21
Rajan Circle",Agartala,,Punjab,India
662,"59/01, Thaker Path",Bidar,,Jharkhand,India
663,"70
Kurian Zila",Nagercoil,,Jharkhand,India
664,"79/206
Soman",Baranagar,,Goa,India
665,"416, Dixit Ganj",Kharagpur,,Mizoram,India
666,"H.No. 70, Divan Zila",Ghaziabad,,Sikkim,India
667,"12/553, Barman",Hubli–Dharwad,,Sikkim,India
668,"H.No. 41
Mander Nagar","Bhalswa Jahangir Pur",,"Tamil Nadu",India
669,"H.No. 65
Sekhon Nagar",Chapra,,"Andhra Pradesh",India
670,"29/517
Choudhury Nagar",Jaipur,,Meghalaya,India
671,"18/904, Sampath Nagar",Haridwar,,Uttarakhand,India
672,"H.No. 431
Ganguly Road",Raebareli,,"Tamil Nadu",India
673,"937
Kalla Chowk",Bhiwandi,,Karnataka,India
674,"H.No. 85, Bhargava Marg",Kozhikode,,Tripura,India
675,"90/705
Behl Marg",Tadipatri,,Jharkhand,India
676,"52/788, Deep Circle",Tinsukia,,Goa,India
677,"86/010, Dhaliwal Road",Karimnagar,,"Uttar Pradesh",India
678,"48, Mahal Chowk",Kumbakonam,,Haryana,India
679,"49/438
Bobal Path",Salem,,Tripura,India
680,"H.No. 63
Ramachandran Nagar",Udupi,,Bihar,India
681,"36, Edwin Marg",Patiala,,Meghalaya,India
682,"H.No. 256
Rama Path",Raebareli,,Chhattisgarh,India
683,"27, Sem Zila",Serampore,,"Arunachal Pradesh",India
684,"99
Banerjee Zila",Sikar,,Meghalaya,India
685,"84, Khosla Road",Malda,,Mizoram,India
686,"97/414, Agrawal Street",Kolhapur,,"Madhya Pradesh",India
687,"04/21
Loke Ganj",Agartala,,Haryana,India
688,"H.No. 15
Gaba Marg",Kulti,,Jharkhand,India
689,"68/36
Bandi Street",Begusarai,,Meghalaya,India
690,"07/884
Chand Path",Rewa,,Chhattisgarh,India
691,"458
Dua Ganj",Ambattur,,"Himachal Pradesh",India
692,"73/28
Tak Chowk",Jabalpur,,"Uttar Pradesh",India
693,"H.No. 533, Bali Road",Vijayawada,,"Madhya Pradesh",India
694,"875
Rout Path",Meerut,,"Himachal Pradesh",India
695,"08
Chakraborty",Aligarh,,"West Bengal",India
696,"81/49, Zachariah Marg",Malda,,Tripura,India
697,"H.No. 19, Cherian",Bhind,,Kerala,India
698,"96
Deshpande Road",Sasaram,,"Uttar Pradesh",India
699,"20/81, Kota Path",Kota,,Punjab,India
700,"42
Dube Path",Avadi,,"Uttar Pradesh",India
701,"60
Srinivas Marg",Moradabad,,Telangana,India
702,"H.No. 341, Ratta Path",Noida,,Meghalaya,India
703,"34, Ramaswamy Zila","Navi Mumbai",,Uttarakhand,India
704,"H.No. 00
Lalla",Kanpur,,Nagaland,India
705,"095
Dara Ganj",Bardhaman,,Manipur,India
706,"73/77
Guha Zila","Sultan Pur Majra",,Karnataka,India
707,"24/16, Dani Nagar",Delhi,,Maharashtra,India
708,"32/57, Wason Nagar",Bhimavaram,,"Arunachal Pradesh",India
709,"664
Balasubramanian Street",Medininagar,,Maharashtra,India
710,"38/17
Sanghvi Path",Miryalaguda,,"Tamil Nadu",India
711,"H.No. 055
Krishnamurthy Ganj",Hyderabad,,Rajasthan,India
712,"888
Behl Zila",Durg,,"West Bengal",India
713,"H.No. 555
Sekhon Path",Bareilly,,Manipur,India
714,"H.No. 10, Lala Ganj",Ballia,,"Madhya Pradesh",India
715,"H.No. 944, Atwal Street",Hubli–Dharwad,,"Uttar Pradesh",India
716,"H.No. 30
Deshpande",Bangalore,,Chhattisgarh,India
717,"30/95
Ramaswamy Ganj","Karawal Nagar",,Gujarat,India
718,"99
Varkey Path",Tirunelveli,,Maharashtra,India
719,"13/63, Divan Chowk",Darbhanga,,Gujarat,India
720,"H.No. 686, Buch Path",Hindupur,,"Arunachal Pradesh",India
721,"26/959, Mane Road",Bhubaneswar,,Gujarat,India
722,"09/739, Tripathi Path",Delhi,,Gujarat,India
723,"79/440, Korpal Path",Nagaon,,"West Bengal",India
724,"H.No. 860
Goda Chowk",Noida,,"Arunachal Pradesh",India
725,"053
Dar Nagar",Jamalpur,,Haryana,India
726,"609
Shankar Chowk",Dhanbad,,Meghalaya,India
727,"H.No. 644
Solanki Circle",Bharatpur,,Nagaland,India
728,"H.No. 421
Gill Chowk",Tenali,,Tripura,India
729,"14, Dash Ganj",Purnia,,Uttarakhand,India
730,"12, Sengupta Chowk",Udupi,,"Tamil Nadu",India
731,"10/023, Kaul Road",Bally,,Mizoram,India
732,"H.No. 42, Solanki Ganj",Madurai,,Punjab,India
733,"46/546, Bhakta Nagar",Bhavnagar,,Bihar,India
734,"00
Vig Path",Sambhal,,"Andhra Pradesh",India
735,"74/692
Handa Nagar",Orai,,"Madhya Pradesh",India
736,"09
Dey Road",Eluru,,Gujarat,India
737,"53
Tripathi Circle",Srikakulam,,Meghalaya,India
738,"40/67, Dhillon Marg",Tumkur,,Assam,India
739,"H.No. 890
Sachar Road",Sikar,,"Madhya Pradesh",India
740,"99/78, Ravi Zila",Kurnool,,Jharkhand,India
741,"53/215
Ramesh Zila",Eluru,,Punjab,India
742,"H.No. 990
Kuruvilla Road",Dharmavaram,,Gujarat,India
743,"H.No. 226, Sane Road",Malegaon,,Chhattisgarh,India
744,"598
Yohannan Marg",Madanapalle,,Punjab,India
745,"85/145, Kanda Ganj",Mysore,,Telangana,India
746,"19, Viswanathan Path",Anantapur,,Maharashtra,India
747,"H.No. 306
Anne Zila",Mango,,Karnataka,India
748,"H.No. 11, Chad Zila",Ambarnath,,"Tamil Nadu",India
749,"H.No. 84
Ahluwalia Marg",Hazaribagh,,"Tamil Nadu",India
750,"724, Jani Circle",Bhatpara,,Manipur,India
751,"00, Sankaran Nagar",Pondicherry,,Haryana,India
752,"H.No. 664, Subramaniam Marg",Ulhasnagar,,Karnataka,India
753,"19/067, Toor Zila",Haldia,,Telangana,India
754,"H.No. 07
Das Street",Bhilai,,"Uttar Pradesh",India
755,"70/72
Rao Zila",Gwalior,,"West Bengal",India
756,"23
Dua Street",Ulhasnagar,,"Arunachal Pradesh",India
757,"H.No. 78, Chauhan Ganj",Karaikudi,,Jharkhand,India
758,"H.No. 58
Dyal Marg","Bihar Sharif",,Haryana,India
759,"84/06, Deol Circle",Anand,,Goa,India
760,"06, Chaudry Street",Raichur,,Manipur,India
761,"55/31
Desai Marg",Karnal,,Gujarat,India
762,"93/42
Anand Zila",Kota,,"Himachal Pradesh",India
763,"427, Guha Path",Chittoor,,Maharashtra,India
764,"43, Choudhary Zila",Katni,,Uttarakhand,India
765,"557, Srivastava",Yamunanagar,,Punjab,India
766,"99/87, Golla Ganj",Jamalpur,,"Andhra Pradesh",India
767,"09/134
Varkey Marg",Shimoga,,Chhattisgarh,India
768,"810
Rajagopal Marg",Guntur,,Bihar,India
769,"47/866
Sodhi Zila",Mahbubnagar,,Jharkhand,India
770,"89, Deshpande Circle",Ballia,,Nagaland,India
771,"H.No. 97
Sachdeva Ganj",Karnal,,Jharkhand,India
772,"H.No. 091, Ganesan Circle",Srinagar,,Telangana,India
773,"26/76
Chhabra Ganj",Sikar,,Nagaland,India
774,"522, Walia Nagar",Nagercoil,,Kerala,India
775,"87/511, Kala Zila",Bhubaneswar,,Kerala,India
776,"H.No. 23, Walia Zila",Kolkata,,Rajasthan,India
777,"360
Khurana Nagar",Karnal,,Bihar,India
778,"H.No. 63, Rama Path",Amravati,,Goa,India
779,"70/891, Raman",Parbhani,,Bihar,India
780,"456
Chander Ganj",Ongole,,Odisha,India
781,"H.No. 68
Johal Street",Deoghar,,"Andhra Pradesh",India
782,"09/85
Bhargava Street",Vellore,,Bihar,India
783,"04/05
Wason Ganj",Tiruchirappalli,,Gujarat,India
784,"H.No. 729
Venkatesh Road",Orai,,"Andhra Pradesh",India
785,"H.No. 324, Gopal Path",Gandhidham,,"Tamil Nadu",India
786,"H.No. 432
Lata Chowk",Bulandshahr,,Karnataka,India
787,"H.No. 37, Vora Chowk",Ludhiana,,Odisha,India
788,"37, Basak Chowk",Latur,,Mizoram,India
789,"51/06, Ganesan Ganj",Pali,,"Arunachal Pradesh",India
790,"H.No. 11
Kala Circle",Siwan,,"Himachal Pradesh",India
791,"H.No. 368
Chandran Circle",Mahbubnagar,,Uttarakhand,India
792,"H.No. 299, Ramachandran Nagar",Parbhani,,Maharashtra,India
793,"47/269
Goda Nagar",Giridih,,Punjab,India
794,"81
Kohli Chowk",Kochi,,Chhattisgarh,India
795,"32/58
Mani Path",Bijapur,,Tripura,India
796,"535, Wali Ganj",Hospet,,Tripura,India
797,"80, Rao Ganj",Indore,,Sikkim,India
798,"H.No. 018, Rama Marg",Howrah,,Uttarakhand,India
799,"H.No. 049
Gupta Nagar",Bilaspur,,"Andhra Pradesh",India
800,"49/76, Dayal Path",Bhopal,,Odisha,India
801,"944, Chatterjee Ganj",Mangalore,,"Tamil Nadu",India
802,"26/61
Ramaswamy Street",Raichur,,"Uttar Pradesh",India
803,"833, Mann Nagar",Nandyal,,Manipur,India
804,"36/538
Warrior Ganj",Sikar,,Sikkim,India
805,"H.No. 457
Mann Circle",Salem,,Chhattisgarh,India
806,"27/637
Dugar Street",Jalna,,"Arunachal Pradesh",India
807,"H.No. 989
Kohli Zila","Khora ",,"Tamil Nadu",India
808,"22
Dara Chowk",Gandhinagar,,"Arunachal Pradesh",India
809,"85/08
Subramaniam Circle",Bhatpara,,Haryana,India
810,"40/982, Koshy",Anantapur,,"Himachal Pradesh",India
811,"49/69, Chada Road","Khora ",,"Andhra Pradesh",India
812,"72/078, Sharma",Panchkula,,Punjab,India
813,"18/34, Soni",Secunderabad,,Chhattisgarh,India
814,"19/536, Raman Zila",Bongaigaon,,Assam,India
815,"151, Cheema Road",Raichur,,Sikkim,India
816,"33/91
Sheth Street",Bhopal,,Mizoram,India
817,"96/80
Bhalla Path",Nagaon,,Karnataka,India
818,"358, Bhat Zila",Nashik,,"Andhra Pradesh",India
819,"H.No. 56
Jha Marg",Tiruvottiyur,,Sikkim,India
820,"94/866, Kaul",Nizamabad,,Goa,India
821,"H.No. 51
Srinivas Road",Chennai,,Mizoram,India
822,"831, Dubey Road","Khora ",,Assam,India
823,"H.No. 57, Ganesh Chowk",Siliguri,,Bihar,India
824,"36/307, Sunder Marg","Bhalswa Jahangir Pur",,Gujarat,India
825,"H.No. 080
Savant Street",Bahraich,,Chhattisgarh,India
826,"12, Yogi Zila","Navi Mumbai",,Nagaland,India
827,"H.No. 510
Behl Circle",Gangtok,,Maharashtra,India
828,"H.No. 838
Kamdar Circle",Surat,,Chhattisgarh,India
829,"H.No. 835
Bhat Street",Mysore,,"Andhra Pradesh",India
830,"54/180, Hora Street",Bangalore,,Chhattisgarh,India
831,"33/531, Dora Zila",Gudivada,,Meghalaya,India
832,"H.No. 833, Bhatnagar Ganj",Berhampore,,Bihar,India
833,"83
Chad",Jodhpur,,Uttarakhand,India
834,"30/50
Sur Chowk",Kozhikode,,"Madhya Pradesh",India
835,"83/532
Walla Chowk",Bijapur,,Mizoram,India
836,"757
Shanker Zila",Bokaro,,Gujarat,India
837,"H.No. 462, Dixit Path",Mathura,,"Arunachal Pradesh",India
838,"077
Balay Marg",Kollam,,"Andhra Pradesh",India
839,"727, Kala Street",Motihari,,Nagaland,India
840,"56/378
Konda",Jehanabad,,Sikkim,India
841,"177, Ratti Road",Jehanabad,,Chhattisgarh,India
842,"H.No. 524
Kaur Circle",Ulhasnagar,,"Uttar Pradesh",India
843,"H.No. 97
Kothari Street",Ratlam,,Uttarakhand,India
844,"41/26, Choudhary Zila",Jammu,,Kerala,India
845,"H.No. 87, Saran Path",Mathura,,Sikkim,India
846,"93/199
Mahajan Marg",Eluru,,Nagaland,India
847,"H.No. 152
Chakrabarti Marg",Bhagalpur,,Kerala,India
848,"H.No. 55
Gokhale Path",Kanpur,,Gujarat,India
849,"H.No. 97, Swaminathan Nagar",Khandwa,,"Uttar Pradesh",India
850,"67/50
Wadhwa Nagar",Nandyal,,Karnataka,India
851,"85/61, Balan",Kurnool,,Kerala,India
852,"099, Gopal",Patiala,,Goa,India
853,"63/613
Balakrishnan Ganj",Karnal,,Manipur,India
854,"64
Saran Zila",Gopalpur,,Goa,India
855,"26
Trivedi Path",Jehanabad,,Kerala,India
856,"77
Dara Marg",Khammam,,Punjab,India
857,"36, Chauhan Zila",Bellary,,Uttarakhand,India
858,"79
Talwar Circle",Arrah,,Gujarat,India
859,"43/13
Babu",Guna,,Telangana,India
860,"H.No. 082, Chaudhry Nagar",Pudukkottai,,Mizoram,India
861,"H.No. 587, Deshmukh Street",Mysore,,Assam,India
862,"69/388
Gara Path",Gulbarga,,Kerala,India
863,"457, Raju Path",Bhubaneswar,,Jharkhand,India
864,"H.No. 59, Kata Zila",Kumbakonam,,Bihar,India
865,"40/106
Bhatti Street",Bikaner,,"Uttar Pradesh",India
866,"45, Sood Path",Faridabad,,"Uttar Pradesh",India
867,"34/63, Kar Marg",Karimnagar,,Telangana,India
868,"H.No. 202, Badal Zila",Kulti,,Haryana,India
869,"320
Deshmukh Road",Ramgarh,,Gujarat,India
870,"44/979, Dhar Road",Maheshtala,,Gujarat,India
871,"H.No. 788
Kala",Amritsar,,Nagaland,India
872,"42/25
Gupta Path",Allahabad,,Telangana,India
873,"H.No. 883
Ratta Street",Bathinda,,Haryana,India
874,"H.No. 57
Kulkarni Zila",Sagar,,Goa,India
875,"H.No. 02
Ganesh Nagar",Bokaro,,"Himachal Pradesh",India
876,"H.No. 209, Chaudhry",Aurangabad,,Rajasthan,India
877,"H.No. 679, Biswas Nagar",Durg,,Mizoram,India
878,"41
Desai Street",Thanjavur,,Odisha,India
879,"H.No. 32, Deshmukh Marg",Thanjavur,,Jharkhand,India
880,"H.No. 76, Bali Circle",Siwan,,Telangana,India
881,"H.No. 682, Cherian Chowk",Jamalpur,,"Uttar Pradesh",India
882,"750
Bawa Circle",Latur,,Bihar,India
883,"846, Khare Zila",Ballia,,Meghalaya,India
884,"H.No. 293, Madan Street",Jabalpur,,Sikkim,India
885,"H.No. 582
Gupta Nagar",Pudukkottai,,"Arunachal Pradesh",India
886,"32/532, Sagar Road",Nashik,,Assam,India
887,"47, Kapadia Chowk",Dhanbad,,Manipur,India
888,"61/293
Ranganathan Zila",Bellary,,"Madhya Pradesh",India
889,"365
Badami Nagar",Rewa,,Sikkim,India
890,"H.No. 58, Tandon Path",Gudivada,,Mizoram,India
891,"H.No. 81
Bava Marg",Maheshtala,,Nagaland,India
892,"924
Kumar Path",Patiala,,Punjab,India
893,"11/674, Vyas Circle",Hapur,,Manipur,India
894,"25/536, Lalla Street",Bangalore,,"Andhra Pradesh",India
895,"88, Bora Zila","Nangloi Jat",,Uttarakhand,India
896,"H.No. 714
Sahota Zila",Pimpri-Chinchwad,,Manipur,India
897,"88/381, Sachar Ganj",Ajmer,,Sikkim,India
898,"36/01, Uppal Ganj",Secunderabad,,"Uttar Pradesh",India
899,"H.No. 400, Vig Path",Mahbubnagar,,Mizoram,India
900,"48/69, Sami Road",Avadi,,Gujarat,India
901,"89/08, Sidhu Nagar",Loni,,Meghalaya,India
902,"H.No. 828, Jain Street",Panchkula,,Kerala,India
903,"204, Kaur Marg",Akola,,"Madhya Pradesh",India
904,"226
Chakraborty Nagar","North Dumdum",,"Tamil Nadu",India
905,"H.No. 371, Vora Ganj",Tadipatri,,Nagaland,India
906,"46/858
Kohli Road",Vadodara,,"Himachal Pradesh",India
907,"H.No. 14, Kalla Path",Jamalpur,,Meghalaya,India
908,"22, Vyas Nagar",Mysore,,"West Bengal",India
909,"18/94, Khatri Road",Sagar,,"West Bengal",India
910,"40, Sant Street",Fatehpur,,Meghalaya,India
911,"57/516, Badami",Bhilai,,Punjab,India
912,"H.No. 31
Sehgal Road",Kamarhati,,Nagaland,India
913,"H.No. 262
Sha Zila","Khora ",,Punjab,India
914,"H.No. 737
Bhakta Marg",Berhampur,,Maharashtra,India
915,"H.No. 72
Ahuja Nagar",Nizamabad,,Assam,India
916,"42/525, Ray Marg",Deoghar,,Gujarat,India
917,"73/594, Mani Street",Bhopal,,Nagaland,India
918,"30/616
Karpe Path",Bidhannagar,,Haryana,India
919,"69/57, Yohannan Chowk",Serampore,,"Madhya Pradesh",India
920,"H.No. 78, Shanker Ganj",Thane,,Tripura,India
921,"22/474
Khare Marg",Gurgaon,,Odisha,India
922,"93/01, Lata",Varanasi,,"Arunachal Pradesh",India
923,"15/082, Bahri Chowk",Silchar,,"Himachal Pradesh",India
924,"555
Arora Marg",Loni,,"Andhra Pradesh",India
925,"74, Butala",Barasat,,Rajasthan,India
926,"02/88, Vaidya Road",Arrah,,Manipur,India
927,"94/683, Saraf Zila",Guntakal,,Telangana,India
928,"57/72
Sheth",Durgapur,,Karnataka,India
929,"53, Chokshi Circle",Hospet,,Odisha,India
930,"33/062
Khurana Ganj",Kakinada,,Uttarakhand,India
931,"44/434
Chauhan Chowk",Vadodara,,Nagaland,India
932,"05
Sane Chowk",Bidar,,Mizoram,India
933,"H.No. 282
Bansal Zila",Mysore,,Haryana,India
934,"H.No. 09
Desai Zila",Thrissur,,Telangana,India
935,"746, Jani Zila",Narasaraopet,,"Madhya Pradesh",India
936,"H.No. 346
Ray Chowk",Thoothukudi,,Kerala,India
937,"94
Wason Path",Mahbubnagar,,Manipur,India
938,"30
Sathe Ganj",Bhimavaram,,Uttarakhand,India
939,"12/49, Ahluwalia Path",Bhiwandi,,Gujarat,India
940,"98/52, Raj Street",Amritsar,,Sikkim,India
941,"H.No. 427, Ghose Chowk","South Dumdum",,Assam,India
942,"23/88, Dani Zila",Alappuzha,,"Tamil Nadu",India
943,"705, Aggarwal Chowk",Gangtok,,Manipur,India
944,"34/386, Kade Ganj",Patna,,"Tamil Nadu",India
945,"51/39, Dar Path",Dhanbad,,Gujarat,India
946,"H.No. 814
Balasubramanian Marg",Giridih,,Odisha,India
947,"66/21
Deshmukh Path",Udupi,,Rajasthan,India
948,"09, Chakraborty Nagar",Hyderabad,,Meghalaya,India
949,"351
Hayer Circle",Chapra,,"Himachal Pradesh",India
950,"69
Choudhary Road",Secunderabad,,Kerala,India
951,"59/12, Ranganathan Circle",Raebareli,,Rajasthan,India
952,"64/002
Trivedi Nagar",Ambattur,,Bihar,India
953,"48, Ramakrishnan Ganj",Hapur,,"Uttar Pradesh",India
954,"60/23
Khalsa Marg",Bhatpara,,Telangana,India
955,"H.No. 038, Aggarwal Nagar",Junagadh,,"Uttar Pradesh",India
956,"198, Kala Ganj",Etawah,,"West Bengal",India
957,"583, Wason Chowk",Malegaon,,"Arunachal Pradesh",India
958,"H.No. 15
Dora Ganj",Bharatpur,,"Himachal Pradesh",India
959,"H.No. 169
Gola Circle",Begusarai,,"Uttar Pradesh",India
960,"71/71, Khare Road",Bokaro,,Meghalaya,India
961,"141
Bandi Street",Jaunpur,,Haryana,India
962,"248
Gopal Ganj",Hajipur,,Uttarakhand,India
963,"H.No. 66
Babu Street",Ajmer,,Mizoram,India
964,"57/72, Karpe",Mangalore,,"Madhya Pradesh",India
965,"42/775
Badal Road",Nanded,,Tripura,India
966,"31/48, Chowdhury Path",Amritsar,,"Tamil Nadu",India
967,"240
Dhawan",Malegaon,,Assam,India
968,"507
Lala Road",Danapur,,Nagaland,India
969,"879, Krish Chowk",Pune,,Goa,India
970,"31/934, Mander Road",Tiruchirappalli,,Tripura,India
971,"22/695
Gandhi",Phagwara,,Rajasthan,India
972,"02/544, Kumar Path",Aligarh,,Telangana,India
973,"H.No. 56, Ramachandran",Barasat,,Odisha,India
974,"H.No. 799
Sant Chowk",Jamshedpur,,"West Bengal",India
975,"44/051
Sura Ganj",Morena,,Tripura,India
976,"97
Varkey Marg",Ujjain,,Odisha,India
977,"03/32
Ramachandran Path",Guntur,,Meghalaya,India
978,"73
Khanna Street",Anantapur,,Assam,India
979,"41
Ganesan Zila",Vellore,,Maharashtra,India
980,"08/061
Sunder Road",Shimla,,"Madhya Pradesh",India
981,"H.No. 41, Kakar Chowk",Shahjahanpur,,Telangana,India
982,"H.No. 72
Yogi Nagar",Warangal,,Goa,India
983,"16/557
Dhaliwal Road",Machilipatnam,,Kerala,India
984,"65
Gade Zila","South Dumdum",,"Tamil Nadu",India
985,"60/385, Kota Road","North Dumdum",,Uttarakhand,India
986,"26
Halder Nagar",Nandyal,,Odisha,India
987,"H.No. 37
Madan Street",Aizawl,,Odisha,India
988,"40/96, Agrawal Chowk",Tumkur,,Telangana,India
989,"040
Kar Zila",Orai,,"Uttar Pradesh",India
990,"H.No. 18, Bhatt Circle",Firozabad,,Gujarat,India
991,"96/90
Dutt Chowk",Ramgarh,,Meghalaya,India
992,"H.No. 596
Kumar Path",Barasat,,Uttarakhand,India
993,"64
Dara",Visakhapatnam,,Rajasthan,India
994,"41/44, Swamy Nagar",Bhagalpur,,Tripura,India
995,"07, Kala Path",Maheshtala,,Tripura,India
996,"02/067, Dass Chowk",Imphal,,Odisha,India
997,"H.No. 263, Sachar",Korba,,Nagaland,India
998,"99
Khanna Nagar",Panvel,,Maharashtra,India
999,"65/673
Gill Marg",Panchkula,,Assam,India
1000,"H.No. 67, Thakur Path",Loni,,"Arunachal Pradesh",India
